VHNWTWHG,000025
VHNWTWHG,000050
VHNWTWHG,000075
VHNWTWHG,000100
VHNWTWHG,000125
VHNWTWHG,000150
VHNWTWHG,000225
VHNWTWHG,000250
VHNWTWHG,000275
VHNWTWHG,000300
VHNWTWHG,000350
VHNWTWHG,000375
VHNWTWHG,000400
VHNWTWHG,000425
VHNWTWHG,000550
VHNWTWHG,000675
VHNWTWHG,000700
VHNWTWHG,000825
VHNWTWHG,000850
VHNWTWHG,000875
VHNWTWHG,000900
VHNWTWHG,000925
VHNWTWHG,000950
VHNWTWHG,000975
VHNWTWHG,001025
VHNWTWHG,001050
VHNWTWHG,001100
VHNWTWHG,001125
VHNWTWHG,001150
VHNWTWHG,001200
VHNWTWHG,001225
VHNWTWHG,001250
VHNWTWHG,001300
VHNWTWHG,001325
VHNWTWHG,001350
VHNWTWHG,001375
VHNWTWHG,001400
VHNWTWHG,001425
VHNWTWHG,001450
VHNWTWHG,001475
VHNWTWHG,001500
VHNWTWHG,001525
VHNWTWHG,001575
VHNWTWHG,001600
VHNWTWHG,001625
VHNWTWHG,001650
VHNWTWHG,001675
VHNWTWHG,001725
VHNWTWHG,001750
VHNWTWHG,001775
VHNWTWHG,001800