OWPJONDB,1539
TUSBZMGZ,4836
WOVLJAIV,3303
VDEQJKLT,9041
IWBBQXVE,2574
TADJMOSU,1220
BLYQXSRA,2907
RRGXSPAO,6062
UIHGWAXI,4924
UXHUNMHG,15377
DPMRUAHD,1528
VHRSYXAX,1771
FMZQSSSV,2590
ZEXCIDAM,9980
VEECZRNW,1517
WKWQBYXX,39146
CGIIPUCT,2760
QPTHLFCQ,6156
EHAIFLRJ,11091
SOQOSBAI,3356
FCLCJBJM,3986
MNDHPIWK,4641
ONATFJGY,1500
EUBPBMZE,2138
EZBQGRIV,7930
TTGZPURL,1652
BHTVYFUO,2168
JEVNPZYJ,3305
BAHNBJHZ,2446
NGBNDDPK,1635
YHHSJMJI,4760
YAPYOQHH,4447
QVUVGVEO,3654
UGMNKFFN,13082
PUYNSYVS,19381
VEMJEKOO,4647
IKSBNYEE,17468
YVOSFSOW,10344
OTZUNDOQ,11832
EMIVRTIQ,14712
DFBNPADS,6396
GNHBWJXK,4800
FEATPMGJ,4291
SVMIQTZD,3368
SFRFDGOP,3999
YLVCRCZC,3032
EOHNZCBM,1500
PTKLCDIT,40370
HKWIIOML,6835
JWWHRCOL,2760
PVULQIRR,15059
HXEGOLAM,1145
LEZNSMQH,2792
IXMTVXXQ,2914
DAGPWTOJ,5820
JIAMOROB,9638
EUEGNAVD,3543
FMXUJGXQ,8208
DQUYJTXH,6409
MCOSEHJV,5903
EGJOSHQC,621
OROWRRWN,4953
IJFDKYLQ,1515
XCMTWQZG,1885
KMNYATUE,23263
NPLNOAHP,1875
QKSPTRGZ,2464
KJEAXRZM,5966
TTRSPOEV,3094
WMZDPODI,1277
ENDYMRBT,3219
JMSUTUEX,1421
VZLSGJXS,3645
QUBYIJBA,3551
YFZSVRZQ,17001
HRCJFBOZ,4112
VXWLUOPH,5121
TCAOPJZL,3072
KJIXVOKL,6851
QLLOGTTD,3501
FQDQICSV,1456
GUIWENZC,3171
SSZNZGCW,3840
QHSVEIAQ,17461
SBCXXFIB,2540
EORHLAOZ,3815
JMJTGFHS,2494
AJHPSRZZ,4333
MPHIDYUS,3282
KYISTZAV,4936
MUEXSMHT,1316
PSZDPGZM,811
HPIPADSF,3899
MBJJQLJP,2177
LGETMTWL,3499
VQHSNETS,3136
YUMDZTZU,3874
NDTHOUWJ,1500
OFGMWSSE,7755
BTMOXDZU,1285
HNYAFRQF,1076
XYODVYMF,1202
LRSQUKAB,6977
SSBAHZZL,10445
FYDJORUX,4568
KUJXRMMC,2554
YFCOLPJW,3651
DBFEUJNJ,3452
GUQJHPOB,2492
XNQRYZTG,2967
AWLQZQKH,922
QRGUMNRI,11931
SLWRUVYW,2557
ZRYHRBDA,2069
BLOJUKVO,1610
NOUQZGZC,4197
EVLQJBTG,1500
XZOOYGZF,3026
YCXRLQDL,5967
HAOEATYP,1826
UFPWXKGI,19485
FIJOYJYW,13792
RKGRCMUB,3169
NICLQDUV,3365
HGNFFQXG,2338
EEBRMQPU,1922
NAQDWIII,3219
MRXXLQWN,3378
TDXHRJVT,4904
WSTIEQPP,1875
BLGKLOFI,1109
QNIRPSCY,5180
MDFIZWCO,2337
CYXTTQAI,1911
WKZMPOYZ,4280
XZSRAYWT,17414
MMINZBYW,3054
XPDYUMTX,7088
UCMLDDET,1500
BVFZISTD,2108
SVTIASBU,811
XMBOWBDP,7608
AWJXLEIR,2248
OVTLQGHI,3066
VVBVTSFC,3238
EXDRRLDU,2913
TGMQEWHH,644
THPIUBWP,6558
HRRCGTEC,5037
TBHDUNIF,8045
ITEVWCMA,5717
ZKSRNYBV,2626
XLRQFSZF,2702
UJDUHLSS,2564
BYBBPYLB,1500
GBBTAHOW,16177
IXRNUFSX,7393
NYHGMSNW,4003
IOLMOCZH,4128
RCRYBSNC,1972
BMWAFGRZ,14427
UFCQFNXE,2862
NHSCKMBT,3832
XRCFZZLJ,2650
WOTRKLKF,1500
LRDKKPJW,8190
HYEQTKQF,1217
BSDDXOMA,4695
MGYICUOU,4814
EWWDLAIH,4106
EMDSGGPX,1670
MEAECQQF,3513
LRPDLJZA,1368
HQKVLMVB,1552
KNWVRTXH,1401
HNWUXSRS,785
KRWCSJFK,2996
IYUSZUFO,6088
VGPHEJHS,2922
CATZXMFO,9829
HRPYAHTH,4660
KOZHMILA,881
KTMPTYIC,11592
TPNAXLND,4008
IAMNKAKV,4105
ZSSNKUXL,3643
JAIFFBKQ,3670
WYOLQADC,7207
EBNLVURZ,3844
BEKHSNFD,4911
RVRXCKFQ,11042
TXJDXOML,1581
OGMAKQEC,7604
BRNVTQUE,9002
SSVLYMEG,1746
UWFBDRGF,2220
HVYOXPAN,1493
YBUCHACU,1543
PAHHAJYK,2741
OFAGSXQC,1600
XEXLWWEU,1500
WFPHPETM,5239
LZYGXDES,4057
EUQXFDJC,14525
ZACXFONM,4507
DAQGAWJR,1502
DJTACNUP,4808
SMWIUCEA,1529
KUTKMYOF,1481
GKKDWISG,1522
NVVHDZSF,5039
SPWCLDTH,1376
VBISHRQV,4302
USAXZAIA,14759
XUQAQXWL,2195
TYIKQSUT,6929
VKZTUYWI,3939
UQTEPLMS,2456
VAJUPQDG,6211
HYLQLIVY,1471
ECHQOFOC,5412
PLVOOSUI,1632
EDZLUQPC,1880
CGOXMSGD,3449
DGDUOZOI,3810
MXINRVFG,2323
VVCZNAKD,7102
AJKBQTEI,3490
YJAZMSEP,4527
PUWQAMMY,4492
MBVMFXQW,4584
FTOPVGDF,1925
PKKEKWGU,8334
NRJYINVE,12922
JNBEWHVA,2622
QAGVIPYT,2583
TLQKCQKZ,3826
ATUYIQKR,4908
CYIVQRLR,4125
GLERAABF,4030
OCQITBRV,3658
PVWANQGY,2159
EXSFSHXQ,1184
GECBXWZX,19152
IPSDZYVI,14443
XVTQERAK,1652
QNMRPCDL,2059
UPQPHNIM,2927
WBVLGFUG,5632
KUAMYURG,1720
FKJDMJQX,3525
ZLCWGNTO,2937
GUOCGIRW,4754
NTSZVWLT,2799
XITOVXVK,9448
NMSDEBGN,7092
ZLPFXTGA,3390
MJIMIPPU,6278
VRUUAUEF,2104
FUSICAQK,2968
TAPQGAUB,18252
LPFNSVAA,5638
BEFIJOVL,3544
ITEHCVUJ,1226
DOJPDVAC,921
LLCOJYKP,3456
ZJPNPXOR,1352
DAWJAEON,1483
BNVRTYWK,17204
FGZPLGAX,3775
KLUTBZFU,5133
ERKVXIKV,18219
JPNPKZQM,3358
NOKXEIEM,3465
DUUYQHAK,2751
HBZCNUZU,7896
EYQWXXIR,1579
UUCINGKC,2248
GWJZCOKF,4111
NWBZSXFH,5109
YLBPOQCO,2962
KRMSKBKH,1509
GISQAEPJ,6938
JYVYUBUO,2377
NIRPDLGL,2608
DZXMQIMU,2578
GLUYNLXY,3142
VACYUJWS,1335
AOZPAKMU,3306
IBGAGBEH,3893
FOFTPUBX,15722
DQFABUKE,7060
ZWFFSGWW,2581
TCJYPSDM,1358
RHCWSROO,4586
GOXGXAJR,1301
UAQAZZAI,2825
SMWULDRA,15112
CUMASHLF,2897
GDNCOATS,20531
QGAWEWAL,6575
KFRLIOAI,4668
PHLDDIUX,2384
FVCUUHVZ,4582
MNGDAGFH,10374
QNZJXIPR,4409
FHHTIXAL,3233
OAXZZQRK,993
YWHUGGJO,1879
SLQDGLBV,4235
HIPYSRTH,18643
SVEOTNFH,2213
ITHXEESZ,2344
OEFLACUL,2066
NWFGZXHD,8574
OSBUKQFK,5801
MDYOFERU,514
JZMPKFRC,5036
TZHIQAZW,1575
PACEBUTI,4411
CSHASSHQ,7082
KMFOHCVA,10915
CZGIJWCT,3016
AVJTQUAJ,1345
AQTFXQQM,3907
GAZSKFDA,4690
WPDFJGCR,2543
QNKAVEAO,6927
EFVDGHIS,2912
NEJWHHON,8238
SCARCPMM,2901
PKLPIPDA,15130
DCYECVCI,2179
RYEMBRNN,6170
LLEDFLHO,3200
QRXWIZAJ,2774
BQSEQOVM,3585
MWFJTMVO,2896
DCDXXASI,1576
WODYGDNN,1218
NMKRQNTP,2493
SYAJNVBK,1562
NAYHISWQ,2924
XELJRXER,6752
HUKJEMBZ,1357
AMPXGPDY,1728
ILVLNODC,2295
KFSNVGLF,2931
ORVZWGUP,5366
AMYFITHG,2953
INIRUDGN,3591
MJLIXILY,4542
UFEVEUGZ,2461
ZJBBSIGK,1500
UUZJRZRT,2264
HMJPMYHX,7530
EZWUYNXY,3101
GIAQBOTB,3295
PRGPKPGC,4585
UFFQBBPJ,1164
BROOHPUG,5494
JWELUXCC,1714
SWLOWNDV,2522
TZFAJJDG,2598
VLSGOQMP,1386
QTMPWUMM,2129
IFDOMVFC,3783
RTXONQWL,819
XNVZBIYW,3344
BHVWNKBD,2741
SLSQXPJR,18494
XWAHAHCU,1975
WDFAZLLJ,1067
WMXJHKKQ,4286
ELORHTLK,3048
URXSTGNS,1860
XRTTPZOO,9805
CGKMQYLD,14209
FQPXWCON,4602
VQPBZFDH,3820
ZOFPZWDA,6804
KCDWNUPW,2702
MTGDUQOT,1883
UBEFAKMQ,3001
LPOBWFPY,3795
ZQIMRYOS,3072
KUGAEYCU,4122
KFUTTTIT,1954
XZEMTRWJ,4155
QBNUYWBJ,3819
RPNHHFGQ,7824
UGLWMICN,3644
NPJZCJPZ,12988
AJJFTGGI,2686
BSSKSLJG,5236
MIWVMQZA,3864
TZUJIXJI,5473
OUVABTKL,4657
NGOUGWFV,3428
LIWQOTJB,2822
TVWVKHSH,6031
CCTUDARY,235210
AOJNCXAJ,8284
NRVLFQZG,3358
MFLIOIDZ,3049
CJJSUEOZ,3763
UYCELFCS,3596
VLVAANCJ,2971
QXUTYGXI,1946
EHGYFLPN,211
OANSABIP,1302
TTFXFSTV,1458
QMGVDDVV,8838
FWNLDAAF,1450
FXGFNQMB,7895
XUAIFWIV,1337
UPKNRKRU,1739
BFDTGHEK,3857
OGCLBXCZ,2191
AZYPQBMQ,1502
AUDCTZPW,3163
NVXSMLZQ,2606
IHTXTDCI,4865
GWSBMBAM,1708
NNDBPJJM,7899
CEPNRZNQ,2696
WADTADBK,1770
TVTWTMNY,5233
OTXQPDRG,2599
PARSXJKK,2903
LPLCTYZZ,4503
UIHGONND,2718
QZVVQHIX,1137
NWCIKAPU,3216
XJTZFXVJ,3543
WPHWWILQ,2187
MKYQDECO,3122
EJUVFVQK,4003
MFAPDIOJ,4592
FZDEXIPP,8735
MNIEDTJA,3639
WEGHXMOV,4686
QMUUDYMA,2742
GKQCCWVG,3569
XRYLOLJV,1403
SLTXWAJP,1848
XJZTEEDZ,903
IKUWIPXW,4365
GYAORGLE,1963
ENCOEJNW,10749
PIYLCRDN,2470
OSVFHMJX,3675
XMFNBNDE,10386
SLCCJFYG,2937
AZGKQCZJ,4104
XLCJZXCK,2995
UJTFQJFK,3739
ZYLIXFXD,2499
IMCYCBAJ,2031
POTXAEZL,3471
DXSMVRPY,1794
WQKDUAXQ,4988
EMUAYAYB,5184
LYZJLWJO,1652
EXNNNDXB,2563
KCDTIEPK,7846
EUKYNTVN,3860
QGKOPJUU,2234
JUGBOAIV,8605
HUABKLPF,3214
EQZWDVTA,2168
ADCCAWWD,5104
RMKFMIOJ,2274
DATDLDDI,6883
RYGIGZKA,1500
BBZREQCL,2970
RHYXNPXM,26983
USSSNFUI,1765
GOXGCGEN,2332
YSEADNQG,3267
FWDAJFAF,4875
QPHLFSVI,5508
GJUVYQHH,7173
XDUWKOAP,2841
ZKRZZEYL,1500
OICXJCDV,4025
PYJHWUDC,4067
OILHWEMF,2801
SJPAHROA,18802
PVJUWOUG,2605
RIOBNDGN,2730
UPKXDEHS,6778
GDFZGCNF,2240
XGXJVBCQ,4355
TKLFYTYR,2466
GVJCYEDK,4183
VBFKWLUM,3654
TQBAFFPV,16393
ZVQRUHLH,1211
CYYMWFZI,10429
SJTAWLRR,4199
FUHPJSLI,3120
DNBODOJI,4199
SHRSZDCZ,1875
LHTVFNOD,13704
DANVCKIC,2616
FHPLRWQY,5674
DZVGGVIC,13653
LETWBRWT,2695
DBYVXNPE,3505
DCUQQRHC,5806
MKFUHKAV,3522
QREXBGCG,3388
NKCVAAKK,5692
FICCMABN,1777
GEWFUBVF,1803
OJOFOEGP,2558
LDBPOLUV,1117
BOSJWQNI,3644
XQFBBROG,3599
LPUKCUNS,1790
WRASWATV,1372
YVGRYOAX,3724
VRHETGAS,1251
GIEUBJDZ,3119
VHNWTWHG,3914
APQBLJNO,17966
VAOQCCLP,3701
EVZPFDAP,1106
QYLWWWUM,3073
UVVGLZQA,4603
EGYSBRGU,1611
JFIJDGVE,1014
FBLXOYQV,3270
MIVGLUQO,9978
MLIVYRRQ,3375
ZNHIXLVP,6592
PRBCTEWL,1246
KAGZHLFD,5414
HUXUUSYV,3803
CPILGJPW,796
ECTLIIBV,10553
AIIJZDRF,4391
YZMILRUQ,15929
NTSCEOYR,5476
OUHZISKX,7125
QQBEQKVN,1426
AOUBBREV,1718
OHYMFKGN,1830
AIFFRWMA,2400
VKLNMJLB,2601
HHZUHVEB,13796
AGRUUMUL,1220
KFZFIDCI,2917
IOJMXEJJ,2991
JFFAZGAP,2896
GGNEDCXB,3692
PDHVEXJK,3039
RTDILHUI,4285
ZXVHGAQL,4012
IRMLVFRT,4381
PBGBVPKF,1952
MAQXDRQC,2545
RRGPYONT,27646
PERQUXOJ,4686
WBUUZVCT,2363
MTCTGHRS,4643
LRQCZKKM,1731
TXYYZWFT,3556
NTSBHCRO,7896
VEABNCNE,4080
XHTHKYMA,13712
GQSOFWDV,5834
YEPPHYDO,4564
ZTALJKGB,11947
JQTCXGEN,3545
RLYMQSMF,1161
PPJIPQXD,2801
SAJRRIAZ,4616
AIRFMGAY,5469
WXDMJUCP,2560
YIEREVRL,6587
JTFMMLJC,2822
ULRAQMFT,6384
NHVRMYEV,5477
RTNDSEIV,4236
XLKWENFN,6391
MXSGXTQG,4278
PYBPECPA,3073
ZDCVEZAA,4853
NWISBVSK,7780
OTAFOTRC,3853
JCJSBLSQ,1811
ZXPSCPEF,1589
TFLJYXZG,3538
FJVCVRVK,1076
NNYXEGTC,1915
XCZNDLSU,2691
FZUNUSGI,2553
XPYWOSYT,9937
UFNJWQPP,1401
IVWGGXRA,2526
AJHHJBWQ,1926
NZYNGOAT,2867
OPPWPFPU,17072
DIPHONNG,2016
PANDJGGK,3036
XSXIPTVY,2196
QRHLHKOV,6661
NEFNNJZQ,1725
FXQKABZK,2754
LPAWVYZL,5939
LMMTXZSN,1631
FIALCXDY,5881
MMDWXSVA,2575
FNPDXAEB,2247
EBRONIUX,3099
PFAJYBKF,11001
WLFCMWNO,5349
EWQAUZDJ,3669
KDRXSQOR,10280
ZSFTNCWY,6686
PLRERSEQ,4636
AKIUSFVR,801
BOEQBJHQ,5918
EUBMGQDK,3510
ZFOZUAXZ,1576
VAXMMMYO,8766
ZXMQJGNH,803
